N,x,y,z,d,varx,vary,varz,vard,distance
100,14.3096,-0.569121,5.5892,0,131.375,165.041,234.687,0,24.7297
100,35.9608,1.81177,7.59023,0.0236785,0.167333,0.202902,0.266167,0.00170698,46.0427
100,14.2042,0.738408,1.66206,0,108.862,164.379,270.759,0,25.6012
100,12.567,11.3615,22.6003,-0.00118412,3.48675,3.43476,2.7858,0.000592316,28.0359
100,16.6619,0.904639,10.6061,0.00214349,44.8846,138.903,262.619,0.000626329,26.6719
200,-10.7737,0.265786,8.68392,0.0117397,0.146541,0.222092,0.166854,0.0009398,1.54454
200,-10.7658,0.267447,9.02186,0.0255593,0.100095,0.078583,0.163862,0.00201689,1.26383
200,-10.5184,0.209309,9.29774,0.0296128,0.181084,0.085893,0.309308,0.00276403,0.920015
200,-10.2173,0.16796,9.65257,0.0448669,0.216773,0.0646834,0.348008,0.00542954,0.527422
200,-9.97814,0.165158,9.95455,0.0614298,0.151582,0.0313746,0.229328,0.0069151,0.338619
300,-10.1193,1.59177,10.0528,0.0134162,0.0667452,0.0885219,0.0873874,0.00120555,1.09953
300,-10.0822,1.52903,10.0574,0.0284838,0.0453636,0.0606787,0.0661281,0.00272057,1.0339
300,-10.0707,1.45646,10.0537,0.0378733,0.0381711,0.0692303,0.0629925,0.00387544,0.960568
300,-10.0689,1.38283,10.0502,0.0443924,0.0332172,0.0897056,0.0600212,0.00512759,0.886928
300,-10.0602,1.30427,10.0292,0.0542605,0.0307415,0.103295,0.0572719,0.00591167,0.807041
400,-9.96463,0.965546,10.2119,0.00851177,0.292561,0.936423,0.45599,0.00113128,0.512711
400,-10.0438,1.04469,10.0881,0.0220281,0.15941,0.274039,0.218336,0.00194633,0.553504
400,-10.0995,0.978172,9.9931,0.0354963,0.0755196,0.179578,0.128944,0.00317375,0.488457
400,-10.0967,0.909504,9.96208,0.0448878,0.0502124,0.174985,0.077107,0.00479173,0.422473
400,-10.0825,0.862206,9.9609,0.045497,0.0419668,0.155815,0.0580276,0.00618325,0.373524
500,-9.50847,1.35621,11.0378,0.00695248,0.173876,0.0994512,0.250167,0.000937845,1.43236
500,-9.69679,1.39727,10.6247,0.0225397,0.126912,0.0859621,0.151867,0.00249927,1.1346
500,-9.77315,1.38254,10.4767,0.0347002,0.091243,0.0710465,0.108063,0.00375912,1.02839
500,-9.81966,1.34337,10.4039,0.0398969,0.066411,0.0610175,0.0826951,0.00471897,0.952344
500,-9.84811,1.31411,10.3492,0.0514033,0.0584159,0.0558339,0.0700526,0.00665781,0.898748
600,-10.4812,1.68986,8.82175,0.0169202,0.245025,1.12195,1.85274,0.00169089,1.7423
600,-10.0617,0.941416,10.0143,0.0127771,0.220742,0.636718,0.320635,0.00159313,0.445937
600,-9.91062,0.665831,10.148,0.0172149,0.151871,0.389297,0.205851,0.0018737,0.239592
600,-9.8586,0.569097,10.1955,0.0343368,0.116316,0.286154,0.151876,0.00333723,0.250968
600,-9.83572,0.527084,10.2108,0.0400931,0.0983602,0.220116,0.130153,0.00494109,0.268644
700,-10.1088,-1.60571,9.05443,0.0106675,0.226761,1.32474,0.784995,0.00103383,2.31083
700,-9.96674,-1.01421,9.74409,0.0196296,0.173249,0.782,0.397677,0.00206473,1.53604
700,-9.88358,-0.616183,9.96491,0.0225274,0.128201,0.512717,0.291663,0.00248374,1.12279
700,-9.79096,-0.374216,10.1152,0.0321682,0.0803597,0.324122,0.169804,0.00353922,0.906209
700,-9.75685,-0.26063,10.1772,0.0380093,0.0493073,0.223449,0.100687,0.00418535,0.817972
800,-9.93763,0.230343,10.0319,0.00562152,0.0942738,0.217153,0.218825,0.000811031,0.278614
800,-9.93697,0.269718,10.0235,0.0154983,0.0655015,0.126874,0.115599,0.00164933,0.23991
800,-9.94423,0.296237,10.0222,0.0258272,0.0520347,0.102161,0.0898181,0.00263813,0.212423
800,-9.95648,0.317304,10.018,0.0359516,0.0430472,0.0881062,0.0758077,0.00372516,0.188665
800,-9.96182,0.330445,10.0165,0.0468824,0.0390397,0.0757208,0.0634417,0.0052024,0.17458
900,-10.1054,-0.927514,9.48922,0.00354662,0.23875,1.56792,0.695029,0.00070609,1.5198
900,-9.9921,-0.937342,9.68318,0.0158566,0.123208,0.131637,0.162218,0.00174362,1.47187
900,-9.97502,-0.764494,9.74258,0.0251966,0.0801593,0.142806,0.105832,0.00252463,1.29067
900,-9.99021,-0.591785,9.76035,0.0329966,0.0725526,0.151688,0.0820897,0.00352996,1.11782
900,-10.0075,-0.426922,9.77632,0.0395031,0.0655768,0.156184,0.0698706,0.00477017,0.953559
1000,-9.83887,2.5431,10.6204,0.00308782,0.16686,0.255317,0.349995,0.000656313,2.14128
1000,-9.9043,1.85528,10.3124,0.0159584,0.112155,0.460035,0.182748,0.0016512,1.39411
1000,-9.96406,1.23375,10.1685,0.024514,0.0647642,0.248507,0.106275,0.00246198,0.753699
1000,-9.97411,1.02315,10.1299,0.0348536,0.0485796,0.112741,0.075907,0.00371241,0.539656
1000,-9.97591,0.943794,10.1124,0.0420212,0.0402247,0.0805186,0.0597588,0.00492065,0.458439
1100,-10.1126,1.19241,9.69944,0.00931097,0.149701,0.254405,0.39198,0.00107466,0.763189
1100,-10.123,1.07647,9.83052,0.0220367,0.110564,0.17836,0.19146,0.00221743,0.613319
1100,-10.1026,0.989155,9.89029,0.0319034,0.0877782,0.159706,0.144952,0.00350766,0.511698
1100,-10.0829,0.923339,9.92666,0.0406147,0.0737199,0.149828,0.11784,0.00429021,0.437571
1100,-10.0643,0.869931,9.94486,0.049218,0.0597671,0.137204,0.0941384,0.00586005,0.379512
1200,-9.15501,1.34614,11.2914,0.00626559,0.227206,0.503558,0.331168,0.00076709,1.76004
1200,-9.36317,0.963192,10.8006,0.0192694,0.118806,0.271045,0.167085,0.0020307,1.12296
1200,-9.60082,0.830501,10.5229,0.034845,0.0953937,0.17873,0.137306,0.00376877,0.736181
1200,-9.73426,0.756817,10.3775,0.0437586,0.0667419,0.130833,0.0995965,0.00506363,0.528271
1200,-9.80198,0.708016,10.29,0.0550324,0.0512254,0.105768,0.0746911,0.00716412,0.408151
1300,-10.0053,0.519622,9.74049,0.00970616,0.317412,1.18939,1.2873,0.00113886,0.260305
1300,-10.0695,0.828785,9.88878,0.0185816,0.136874,0.207863,0.243794,0.00202423,0.353966
1300,-10.1231,0.757168,9.83045,0.0306061,0.0816768,0.137856,0.137342,0.00354129,0.331712
1300,-10.1375,0.715532,9.82073,0.0384533,0.0558612,0.116013,0.0857731,0.00440328,0.31227
1300,-10.1369,0.679142,9.83194,0.0455167,0.0479516,0.10588,0.0716613,0.00528006,0.281214
1400,-9.88022,0.579743,10.0796,0.00695572,0.213392,1.31144,0.647422,0.000928567,0.16447
1400,-9.87515,0.623011,10.1416,0.0193744,0.119467,0.654872,0.137198,0.00191784,0.225307
1400,-9.88231,0.499256,10.1318,0.0272368,0.0860169,0.497972,0.100428,0.00285923,0.176731
1400,-9.88603,0.431432,10.1183,0.0335703,0.0660151,0.381808,0.0842423,0.00389551,0.178011
1400,-9.89965,0.394117,10.1046,0.0399214,0.0511038,0.303046,0.0751156,0.0048645,0.179485
1500,-9.35103,-0.348108,11.1892,0.00175741,1.14767,1.46403,1.99909,0.000575412,1.59833
1500,-10.0528,0.483464,9.95777,0.0154293,0.302153,0.430121,0.342369,0.00160957,0.069594
1500,-10.1266,0.539748,9.86259,0.0254937,0.152802,0.265715,0.194149,0.00284331,0.191011
1500,-10.1182,0.538386,9.86964,0.0347735,0.105727,0.188914,0.138841,0.0043596,0.180138
1500,-10.1035,0.527274,9.8791,0.0430555,0.0807133,0.138734,0.11057,0.00554448,0.161455
1600,-10.0111,0.731892,9.83771,0.00807643,0.450415,2.20317,1.82982,0.000953733,0.283256
1600,-9.99869,0.867785,9.98892,0.0207986,0.266688,1.26651,0.55105,0.00211094,0.367954
1600,-10.0334,0.874819,9.95707,0.0348772,0.161288,0.804862,0.280331,0.00387516,0.378744
1600,-10.0677,0.83632,9.92543,0.0465282,0.112088,0.529601,0.185692,0.00551464,0.351074
1600,-10.0935,0.789549,9.89219,0.0584875,0.0834602,0.379056,0.141169,0.00712478,0.322802
1700,-9.82923,0.286549,10.2193,0.00563566,0.128205,0.79067,0.440157,0.000811878,0.350477
1700,-9.91021,0.346601,10.1094,0.0185729,0.0480022,0.196697,0.0872777,0.00181465,0.208726
1700,-9.91511,0.368665,10.0977,0.028203,0.0362829,0.142823,0.0547889,0.00298266,0.184373
1700,-9.91898,0.373607,10.0878,0.0355475,0.0331479,0.119245,0.0461875,0.00407054,0.173925
1700,-9.92346,0.38196,10.0766,0.044543,0.0307067,0.10441,0.0423489,0.00518905,0.160181
1800,-10.1666,0.326619,9.47077,0.00402569,0.238591,0.939983,0.567357,0.000762125,0.581281
1800,-10.0144,0.495791,9.91402,0.0180966,0.094169,0.378631,0.172783,0.00186708,0.0872724
1800,-9.96463,0.542911,10.0159,0.025369,0.0632787,0.208409,0.107249,0.00288569,0.0578452
1800,-9.94702,0.5587,10.0552,0.0367865,0.0480743,0.14343,0.0794958,0.00399644,0.0964515
1800,-9.93965,0.55873,10.0744,0.0445866,0.0398435,0.114594,0.0622699,0.00545252,0.112354
1900,-9.61929,0.366795,10.4564,0.00560137,0.194613,1.05851,0.732493,0.000727099,0.609102
1900,-9.73277,0.292266,10.2529,0.0169933,0.12895,0.780481,0.335157,0.00190642,0.422509
1900,-9.80257,0.376621,10.1969,0.0316112,0.0929054,0.615458,0.20121,0.00358993,0.304894
1900,-9.84295,0.486655,10.1769,0.0412649,0.0724022,0.467294,0.132818,0.00509087,0.236922
1900,-9.87428,0.559689,10.1561,0.0512464,0.0597743,0.349272,0.0951415,0.00645737,0.209119
2000,-9.52645,0.525832,10.8198,0.00678054,0.214149,1.70628,0.696997,0.000850354,0.947099
2000,-9.75025,-0.202453,10.2219,0.0185885,0.0608694,0.326816,0.11728,0.001957,0.777858
2000,-9.78482,-0.123773,10.1516,0.0270036,0.0440725,0.179832,0.0812577,0.00307985,0.677039
2000,-9.81765,-0.0339713,10.1162,0.0377102,0.04035,0.151129,0.0681101,0.00420524,0.576081
2000,-9.84925,0.0437284,10.0945,0.0445541,0.0370494,0.137856,0.0597194,0.00565473,0.489743
2100,-10.0471,0.245584,9.9599,0.00965747,0.270093,1.96854,0.897042,0.0010639,0.261828
2100,-10.1097,0.466076,9.92599,0.0189888,0.10868,0.464089,0.22031,0.0019787,0.136595
2100,-10.0854,0.611928,9.96322,0.0314138,0.0698921,0.228388,0.124449,0.00334044,0.14553
2100,-10.0705,0.654959,9.97083,0.0426115,0.0559751,0.146857,0.0893905,0.0049178,0.172718
2100,-10.0566,0.656242,9.97354,0.051375,0.0490274,0.117875,0.0728795,0.00618485,0.168278
2200,-9.96862,0.770084,10.2001,0.00866389,0.240526,0.493674,0.532322,0.00109294,0.337617
2200,-9.97063,0.740123,10.1079,0.0229702,0.125895,0.292472,0.171786,0.00236192,0.264905
2200,-9.97517,0.723039,10.0916,0.034969,0.0826016,0.211864,0.102989,0.00363182,0.242386
2200,-9.98686,0.712697,10.0747,0.0448864,0.060946,0.167839,0.0765898,0.00543284,0.225828
2200,-9.99306,0.704492,10.053,0.0556198,0.047687,0.141178,0.0605083,0.00700155,0.211359
2300,-9.56035,-0.822727,10.3952,0.00493383,0.206684,0.816285,0.488011,0.000761869,1.44881
2300,-9.67763,-0.1975,10.2409,0.0177164,0.0953222,0.693336,0.141879,0.00155384,0.80528
2300,-9.77256,0.222262,10.1992,0.0272226,0.0715321,0.472697,0.108971,0.00282558,0.410552
2300,-9.83879,0.407619,10.163,0.0369341,0.0568847,0.283938,0.091553,0.00455809,0.247189
2300,-9.87506,0.483841,10.1392,0.0450393,0.0484062,0.187619,0.0766345,0.00569949,0.187737
2400,-9.97217,0.47901,10.0337,0.0058533,0.178336,0.315561,0.487016,0.00087084,0.0484882
2400,-9.93308,0.541379,10.1027,0.0195069,0.0722929,0.177968,0.114972,0.00207931,0.129387
2400,-9.95055,0.560675,10.075,0.0300848,0.0556576,0.14933,0.0842799,0.00332666,0.108392
2400,-9.96102,0.576145,10.0572,0.0394839,0.0465703,0.12655,0.0699853,0.00474935,0.102922
2400,-9.96551,0.583752,10.0478,0.0477588,0.0412929,0.10623,0.06284,0.00582023,0.102421
2500,-9.87491,0.183099,10.1608,0.0107594,0.233233,0.789698,0.690681,0.00113032,0.376716
2500,-10.0174,0.143054,9.89951,0.0229458,0.0961613,0.436088,0.171583,0.00221769,0.371229
2500,-10.0317,0.261791,9.91139,0.0326628,0.0722554,0.329932,0.119014,0.00362239,0.256128
2500,-10.0315,0.342744,9.92658,0.0404529,0.0615842,0.255258,0.0977794,0.00490229,0.17638
2500,-10.0297,0.389419,9.9384,0.0496372,0.0538375,0.202906,0.0836532,0.00600978,0.130029
2600,-10.1695,0.236964,9.61791,0.00694522,0.161554,0.765712,0.405707,0.000921016,0.493882
2600,-10.096,0.386431,9.8626,0.0169841,0.0964376,0.306046,0.16774,0.00175027,0.202467
2600,-10.0593,0.426298,9.91755,0.0254992,0.0707778,0.18811,0.11562,0.00279745,0.125466
2600,-10.0386,0.439933,9.94524,0.0353316,0.0570729,0.142877,0.0919014,0.00404071,0.0899951
2600,-10.0256,0.450782,9.96456,0.0442447,0.0493191,0.121136,0.0745982,0.00523097,0.0658339
2700,-9.90593,0.24626,9.96775,0.00970365,0.255743,0.875408,0.472705,0.00110889,0.27253
2700,-9.95185,0.225902,9.94757,0.0223653,0.136594,0.400766,0.201485,0.00222707,0.28319
2700,-9.97748,0.206426,9.92339,0.0316612,0.0882085,0.247925,0.139538,0.00319697,0.304241
2700,-9.997,0.211089,9.91403,0.0410591,0.0675589,0.178136,0.106341,0.00458785,0.301445
2700,-10.0126,0.221741,9.90699,0.049113,0.0532164,0.136826,0.0828249,0.00603792,0.293664
2800,-9.97951,0.361096,9.84153,0.00843625,0.468579,1.74283,1.31769,0.000977147,0.211725
2800,-9.79918,0.870746,10.2673,0.021167,0.232686,0.640222,0.317473,0.00218326,0.499225
2800,-9.82572,0.915866,10.2508,0.030198,0.149302,0.334557,0.208162,0.00324053,0.515944
2800,-9.86401,0.903082,10.2127,0.0381661,0.11277,0.24086,0.166345,0.00447251,0.475602
2800,-9.8898,0.881588,10.1837,0.0453128,0.0920564,0.192345,0.140403,0.00520534,0.437592
2900,-9.70329,0.702421,10.3585,0.00728163,0.266889,1.57279,0.52814,0.00087437,0.507456
2900,-9.74356,0.65993,10.2853,0.016879,0.111119,0.866183,0.125677,0.00177585,0.415583
2900,-9.81929,0.635621,10.2124,0.0260296,0.0717401,0.513692,0.0821689,0.00264201,0.310117
2900,-9.87429,0.620342,10.1562,0.0393625,0.0536433,0.303518,0.0667232,0.00414416,0.233824
2900,-9.9068,0.603886,10.1194,0.0446007,0.0448112,0.198985,0.0588442,0.00502919,0.183698
3000,-9.99894,0.540136,9.93374,0.00809551,0.250877,1.43691,0.658163,0.000958611,0.077474
3000,-10.0337,0.907957,10.0289,0.0228659,0.086282,0.262186,0.137392,0.00232381,0.410369
3000,-10.015,0.864114,10.0442,0.0333856,0.0530163,0.160213,0.0797099,0.00358451,0.367089
3000,-10.0058,0.81487,10.0495,0.0410938,0.0422286,0.129892,0.0610821,0.00490105,0.318795
3000,-10.0032,0.775114,10.0496,0.0487553,0.0367956,0.115214,0.0534172,0.00621077,0.279569
3100,-9.90229,0.329651,9.94405,0.00618344,0.316021,1.06495,1.04497,0.000891041,0.204196
3100,-9.90301,0.273943,10.0352,0.0185563,0.168659,0.392334,0.290084,0.00194732,0.248495
3100,-9.94088,0.30301,10.0146,0.028402,0.118843,0.199405,0.194444,0.0031587,0.206184
3100,-9.94912,0.344438,10.0209,0.0371721,0.0897916,0.139869,0.144992,0.0042459,0.165
3100,-9.9533,0.377455,10.0232,0.0459839,0.0722063,0.114094,0.114807,0.00552596,0.133182
3200,-9.65607,-0.913336,10.1834,0.00944203,0.318293,0.962252,1.30893,0.00111498,1.46609
3200,-9.67487,-0.488572,10.1875,0.0234587,0.151888,0.447185,0.258853,0.0023576,1.05742
3200,-9.76169,-0.110907,10.1751,0.0345313,0.0986021,0.391139,0.14309,0.00384057,0.678716
3200,-9.8256,0.142466,10.1531,0.041804,0.0672823,0.300144,0.0968286,0.00506344,0.426243
3200,-9.86528,0.284871,10.1316,0.0517971,0.0497194,0.218688,0.0718991,0.00679848,0.285911
3300,-9.97715,0.809849,9.87828,0.0049419,0.266193,2.51196,0.788628,0.000801007,0.333683
3300,-9.90439,0.730239,10.0677,0.0172697,0.119112,0.747897,0.167925,0.00174821,0.258326
3300,-9.87388,0.562678,10.1096,0.0271125,0.0697204,0.313758,0.0946557,0.00306531,0.178433
3300,-9.87776,0.517186,10.1215,0.0360937,0.0538926,0.173966,0.0713052,0.00408388,0.173177
3300,-9.89103,0.503501,10.1143,0.0430011,0.045899,0.129473,0.0586663,0.00520934,0.157982
3400,-9.91828,0.837541,10.0942,0.00742529,0.321169,0.698042,0.909606,0.000911245,0.359832
3400,-9.91062,0.830094,10.1463,0.0200102,0.152193,0.191318,0.251789,0.00208073,0.371942
3400,-9.91468,0.81412,10.1502,0.0315081,0.0945325,0.133176,0.149492,0.00342827,0.358482
3400,-9.92069,0.792238,10.1395,0.0403415,0.0709314,0.110164,0.109234,0.0045847,0.333393
3400,-9.92851,0.771594,10.1297,0.0485445,0.057143,0.0989675,0.0892418,0.0059036,0.309347
3500,-9.73236,0.026734,10.4667,0.0102303,0.291355,0.808404,0.918052,0.00108512,0.716525
3500,-9.73733,0.34722,10.3585,0.0223922,0.0741171,0.244763,0.125194,0.00236883,0.469925
3500,-9.7694,0.401855,10.3013,0.0330404,0.046746,0.159927,0.0754586,0.00367823,0.391894
3500,-9.79625,0.418458,10.256,0.0442465,0.0388873,0.127259,0.0613685,0.0052319,0.337216
3500,-9.81662,0.429058,10.2233,0.0526963,0.0349758,0.110095,0.0523719,0.00661658,0.297529
3600,-9.93494,0.42941,9.96726,0.00738979,0.150339,1.38419,0.430617,0.000980343,0.101428
3600,-9.97931,0.442948,9.97927,0.0176442,0.0692032,0.48056,0.154402,0.00189713,0.0641307
3600,-9.97872,0.44166,9.99278,0.0274321,0.0492873,0.246425,0.0968319,0.00298516,0.0625194
3600,-9.98215,0.441419,9.99922,0.0353508,0.0405056,0.173544,0.0735758,0.00385285,0.061246
3600,-9.98178,0.437599,10.0023,0.0434497,0.0360648,0.138242,0.0620766,0.00505667,0.0650446
3700,-10.0418,0.787166,9.86093,0.00781249,0.44042,1.46959,1.14382,0.000991844,0.321792
3700,-10.208,0.950923,9.74661,0.0205532,0.188292,0.371538,0.259267,0.00207935,0.557511
3700,-10.1779,0.900666,9.80756,0.0312077,0.121913,0.206278,0.175925,0.00341061,0.478757
3700,-10.1438,0.84074,9.85157,0.0419507,0.0920791,0.157005,0.137117,0.00472931,0.398501
3700,-10.118,0.790722,9.88049,0.050693,0.0728088,0.136496,0.11283,0.0063423,0.335741
3800,-10.0196,0.854519,9.91165,0.00676303,0.386709,1.0742,1.17932,0.000899146,0.365886
3800,-9.98174,0.814889,10.0385,0.0180432,0.173041,0.35283,0.294753,0.00194329,0.317764
3800,-9.9662,0.778345,10.0682,0.027936,0.103923,0.183841,0.165397,0.00322753,0.288554
3800,-9.96123,0.742603,10.085,0.0397612,0.0715845,0.130012,0.113029,0.00458485,0.25997
3800,-9.96121,0.710019,10.083,0.0473116,0.0552436,0.108453,0.0869088,0.00594772,0.229148
3900,-9.95457,0.371902,9.96084,0.00670676,0.368703,1.1613,1.07816,0.000926506,0.141445
3900,-9.87179,0.748035,10.2061,0.0195694,0.160515,0.499381,0.281198,0.0020436,0.347018
3900,-9.86362,0.785544,10.2249,0.0306709,0.0900518,0.311592,0.140287,0.00330063,0.38825
3900,-9.8721,0.753936,10.2077,0.0399455,0.0639659,0.226178,0.0930193,0.00451264,0.352096
3900,-9.88422,0.716672,10.1817,0.0469832,0.0506124,0.17714,0.0749602,0.00567733,0.305577
4000,-9.7279,-0.171266,10.3223,0.00838009,0.272097,0.934251,0.638901,0.000972156,0.792773
4000,-9.71092,-0.00594657,10.2926,0.0199261,0.11546,0.355654,0.173847,0.00208733,0.652063
4000,-9.70956,0.0699498,10.2883,0.0282001,0.0688747,0.206146,0.0979883,0.00300578,0.593646
4000,-9.73691,0.127458,10.2695,0.0372586,0.0527199,0.155295,0.073926,0.00425838,0.529733
4000,-9.76403,0.179836,10.2395,0.0441547,0.0458599,0.132623,0.064608,0.00515289,0.464274
4100,-9.87618,0.348184,10.1014,0.00940985,0.217395,1.11602,0.53212,0.00101916,0.2206
4100,-9.96832,0.32413,9.97614,0.0213757,0.125948,0.536461,0.194671,0.00228183,0.180287
4100,-10.005,0.364775,9.94339,0.0321845,0.0841973,0.36638,0.12758,0.00356259,0.146682
4100,-10.0212,0.405059,9.94012,0.0416755,0.0653301,0.275974,0.0972548,0.00491752,0.114233
4100,-10.0226,0.420474,9.94239,0.0500332,0.0536945,0.223088,0.0801115,0.0065092,0.100778
4200,-9.95547,0.513322,9.93121,0.008992,0.339352,1.3061,1.05664,0.00105631,0.083019
4200,-10.021,0.667845,9.95766,0.0219271,0.154193,0.793016,0.289253,0.00235064,0.174372
4200,-10.0307,0.727603,9.97383,0.0313217,0.10708,0.493212,0.178618,0.00354378,0.231147
4200,-10.0297,0.744776,9.98774,0.0406041,0.0822951,0.329894,0.132207,0.00482486,0.246874
4200,-10.0294,0.743457,9.99592,0.0467531,0.0657687,0.238894,0.105875,0.00611162,0.245258
4300,-9.86994,0.30507,10.0216,0.0114984,0.270543,0.993718,0.881471,0.00123973,0.235335
4300,-9.77585,0.422757,10.2251,0.0227266,0.127625,0.486295,0.227591,0.00231087,0.326902
4300,-9.79125,0.49428,10.2342,0.0320747,0.0829377,0.303273,0.140241,0.00344827,0.313755
4300,-9.81691,0.52715,10.2134,0.0405628,0.0654389,0.21561,0.105247,0.00467531,0.282474
4300,-9.84317,0.543436,10.1905,0.0488791,0.0534929,0.166663,0.0887029,0.00592286,0.250511
4400,-9.93915,0.323867,10.0403,0.00804535,0.251748,1.28095,0.721213,0.0010538,0.190649
4400,-9.97455,0.234976,9.98885,0.0183954,0.088273,0.272041,0.127162,0.00190813,0.266477
4400,-9.984,0.276989,9.98804,0.0276467,0.0611153,0.171657,0.0833822,0.00305063,0.223904
4400,-9.98774,0.315936,9.98645,0.0369009,0.0494827,0.134538,0.069704,0.00416649,0.184969
4400,-9.9899,0.34746,9.98653,0.0458987,0.043293,0.112252,0.0597363,0.00546799,0.153466
4500,-10.0623,1.28227,9.94765,0.0066358,0.40781,1.04156,1.01346,0.0008834,0.786493
4500,-10.1885,1.06857,9.80651,0.0222666,0.169305,0.429512,0.263863,0.00221436,0.62949
4500,-10.1551,0.899291,9.84295,0.0351801,0.104486,0.312192,0.15847,0.00380465,0.456235
4500,-10.1203,0.781981,9.87467,0.0464251,0.0728779,0.250917,0.11475,0.00550827,0.331204
4500,-10.0949,0.694464,9.89781,0.0567782,0.0587012,0.205418,0.0885777,0.00716036,0.239289
4600,-9.79218,0.688552,10.3773,0.00923278,0.307571,1.1184,0.891888,0.00107695,0.470186
4600,-9.94825,0.771593,10.1064,0.0218065,0.165075,0.507022,0.21042,0.00214451,0.296253
4600,-9.98879,0.714215,10.0537,0.0293852,0.11772,0.335102,0.147359,0.00323396,0.22113
4600,-10.0017,0.666482,10.0241,0.039571,0.0905061,0.247009,0.114933,0.00459977,0.168228
4600,-10.0102,0.639717,10.0088,0.0492673,0.0711567,0.19411,0.0932656,0.00582857,0.14036
4700,-9.83213,0.585158,10.2682,0.0065858,0.270567,1.1731,0.639298,0.000940139,0.327687
4700,-9.8886,0.567752,10.1561,0.0201299,0.127537,0.617338,0.189008,0.00217065,0.203379
4700,-9.89422,0.460561,10.1264,0.0323475,0.0794842,0.424563,0.122127,0.00337836,0.169479
4700,-9.8999,0.404474,10.112,0.0409667,0.0578632,0.311958,0.093202,0.004814,0.178018
4700,-9.90381,0.376024,10.0983,0.0518662,0.048187,0.237468,0.0795734,0.00662122,0.185178
4800,-10.1505,0.196123,9.54953,0.00726985,0.213173,1.05489,0.628117,0.000931118,0.563845
4800,-10.054,0.338946,9.86988,0.0188423,0.109325,0.366576,0.199999,0.00196042,0.213969
4800,-10.0299,0.383632,9.91917,0.0275808,0.0753582,0.262215,0.139091,0.00304766,0.144808
4800,-10.0197,0.419882,9.94477,0.0376178,0.0594518,0.21419,0.110035,0.00429714,0.0992854
4800,-10.0122,0.436616,9.96269,0.0466744,0.049935,0.180717,0.0912199,0.00571845,0.0745596
4900,-9.89425,0.351183,10.0233,0.00818893,0.217743,1.50064,0.742612,0.00103099,0.184049
4900,-9.97872,0.350155,9.94203,0.020289,0.108974,0.591355,0.185857,0.00200304,0.162072
4900,-10.0176,0.423575,9.92075,0.0319171,0.0776663,0.323992,0.113111,0.0033869,0.111502
4900,-10.0413,0.473521,9.91171,0.0415623,0.0613252,0.221935,0.0875175,0.00478126,0.101014
4900,-10.0505,0.506491,9.91079,0.0498214,0.052087,0.163313,0.0738601,0.00602075,0.102727
5000,-9.94517,0.716457,10.0634,0.00753124,0.207867,1.04083,0.54312,0.000933862,0.232122
5000,-9.96342,0.673966,10.0469,0.0201888,0.101229,0.400106,0.159494,0.00208322,0.183861
5000,-9.98233,0.597147,10.0218,0.0303274,0.0707291,0.27565,0.107691,0.00340898,0.101122
5000,-9.9944,0.559577,10.0074,0.0420466,0.056347,0.214863,0.0864786,0.00488939,0.0602912
5000,-10,0.533284,9.99497,0.0516748,0.0466628,0.169203,0.0709677,0.00630779,0.0336615
5100,-9.86408,-0.0750007,9.97215,0.00834003,0.258709,1.00376,1.08121,0.000996412,0.591502
5100,-9.93891,0.217387,9.99125,0.0217076,0.0780469,0.361451,0.152752,0.00222222,0.289274
5100,-9.96584,0.284342,9.97711,0.03139,0.0516505,0.213495,0.0962529,0.00345449,0.219543
5100,-9.97601,0.323135,9.97104,0.0418573,0.0420729,0.140821,0.0731347,0.00493176,0.180819
5100,-9.98325,0.345809,9.97494,0.0498414,0.0380671,0.108061,0.0608562,0.00623113,0.157109
5200,-9.78951,0.349093,10.2404,0.00964393,0.149526,1.21354,0.513854,0.00110932,0.353383
5200,-9.82467,0.405834,10.1993,0.021609,0.0694908,0.47952,0.11162,0.00223482,0.281674
5200,-9.85751,0.436223,10.1677,0.0303648,0.0544235,0.318137,0.0768981,0.00327584,0.229086
5200,-9.88438,0.455028,10.1393,0.040062,0.0484047,0.24388,0.0642884,0.00466612,0.186505
5200,-9.90671,0.473989,10.1149,0.0482141,0.0431241,0.198196,0.0570345,0.00602987,0.150235
5300,-9.96734,0.902957,10.0486,0.00894764,0.338606,0.90673,0.94713,0.000991469,0.407184
5300,-10.0456,0.894846,9.98969,0.0204858,0.172087,0.383216,0.277862,0.00213205,0.397599
5300,-10.0704,0.840366,9.9584,0.0306045,0.112013,0.255022,0.168999,0.00329964,0.350049
5300,-10.0705,0.788233,9.95614,0.0404787,0.0818805,0.197801,0.121813,0.00456492,0.299945
5300,-10.0598,0.745409,9.96076,0.0486561,0.065783,0.164982,0.0977711,0.00597163,0.255616
5400,-9.94834,0.527435,9.94477,0.00809243,0.284174,2.12634,0.678994,0.0010373,0.0804452
5400,-10.1308,0.561075,9.80589,0.0204238,0.077623,0.580467,0.125584,0.00212789,0.241916
5400,-10.1337,0.656499,9.83842,0.0303637,0.0506485,0.244212,0.0833804,0.00343973,0.261669
5400,-10.122,0.682551,9.86646,0.0392439,0.0409505,0.145979,0.0691027,0.00461423,0.256988
5400,-10.1077,0.675556,9.88366,0.0479046,0.0364431,0.113005,0.0590344,0.00587727,0.236523
5500,-9.80552,0.254344,10.1393,0.00685629,0.36311,1.71534,1.19386,0.000893203,0.342887
5500,-9.94672,0.581224,10.0418,0.0186424,0.178385,0.592754,0.266467,0.0019613,0.105745
5500,-9.97783,0.648991,10.0328,0.0291066,0.116721,0.337876,0.173319,0.00304841,0.154154
5500,-9.98262,0.65165,10.0326,0.036147,0.0835047,0.225926,0.127256,0.00413775,0.156076
5500,-9.98265,0.638299,10.0372,0.0442679,0.0674704,0.172014,0.0996633,0.00525726,0.14427
5600,-10.0724,0.610685,9.85317,0.00511169,0.254409,0.888214,0.636319,0.000801024,0.197628
5600,-10.0059,0.562513,9.98813,0.0180432,0.120224,0.308193,0.173809,0.00193416,0.0638991
5600,-9.97624,0.552083,10.0292,0.0296151,0.0818259,0.205542,0.118754,0.00313024,0.0642705
5600,-9.96569,0.551402,10.0457,0.0377627,0.0600417,0.158038,0.0914389,0.00425602,0.0768821
5600,-9.95985,0.550745,10.051,0.0471989,0.0493544,0.13084,0.0760056,0.00554524,0.0823884
5700,-9.90484,0.731449,10.1817,0.00684694,0.252678,0.905273,0.543357,0.000856375,0.309276
5700,-10.0075,0.727875,10.033,0.0194522,0.127181,0.36674,0.186395,0.0020134,0.230371
5700,-10.027,0.69619,10.0005,0.0287323,0.0879857,0.243476,0.12934,0.00305191,0.198039
5700,-10.032,0.67501,9.99227,0.0386472,0.0670422,0.188602,0.0986838,0.00424539,0.178086
5700,-10.0285,0.654746,9.9921,0.0464678,0.0567612,0.159988,0.0826317,0.00551737,0.157546
5800,-10.0957,0.330542,9.77876,0.00681467,0.211814,1.08977,0.514957,0.000871499,0.294663
5800,-10.111,0.362739,9.81863,0.0188375,0.104925,0.50483,0.158088,0.00193722,0.253108
5800,-10.1001,0.386984,9.83908,0.0302222,0.0759989,0.336867,0.114236,0.00328078,0.220674
5800,-10.0879,0.411434,9.85904,0.0407692,0.0609533,0.250214,0.0934825,0.00458766,0.188234
5800,-10.0755,0.423957,9.87815,0.0478464,0.0524193,0.203537,0.0796356,0.00597138,0.162262
5900,-9.97129,0.246953,9.93076,0.00426751,0.300797,1.15102,0.999624,0.000745027,0.263916
5900,-9.94426,0.595134,10.0827,0.0163165,0.127131,0.378138,0.208548,0.00177212,0.13783
5900,-9.94891,0.643364,10.0831,0.0274039,0.0829459,0.241559,0.127639,0.0029298,0.173414
5900,-9.95849,0.658895,10.0778,0.037463,0.0623274,0.177477,0.0936495,0.00431814,0.181727
5900,-9.96481,0.657233,10.0698,0.0469742,0.0508333,0.138341,0.0752361,0.00568645,0.175603
6000,-10.0448,0.307254,9.83438,0.00813247,0.28019,1.06763,0.683196,0.00105442,0.258045
6000,-10.1078,0.352693,9.80792,0.0204381,0.108579,0.46505,0.158746,0.0021319,0.264966
6000,-10.0848,0.40511,9.85166,0.0314605,0.0713415,0.29444,0.103263,0.00340841,0.19546
6000,-10.0679,0.433719,9.88198,0.0396896,0.0545259,0.221613,0.0793007,0.00459571,0.151453
6000,-10.0585,0.456344,9.90586,0.0484713,0.044632,0.177365,0.0648118,0.00592186,0.119125
6100,-10.1625,0.593521,9.65172,0.00897852,0.248555,1.50519,0.676631,0.0010324,0.395547
6100,-10.0947,0.511356,9.84021,0.0199076,0.127612,0.852551,0.18627,0.00207624,0.186112
6100,-10.0794,0.424469,9.86307,0.0296618,0.0827478,0.562467,0.11398,0.00319399,0.175363
6100,-10.0656,0.391153,9.87826,0.0377543,0.0601387,0.386162,0.0863712,0.00435159,0.175988
6100,-10.0537,0.385373,9.89575,0.0456655,0.0477355,0.27302,0.0708585,0.0054434,0.163973
6200,-10.0105,0.233379,9.79016,0.00838741,0.277701,1.48628,0.808706,0.000997954,0.339454
6200,-9.98611,0.398743,9.96415,0.0186242,0.124286,0.470039,0.159122,0.00200297,0.108311
6200,-9.97703,0.379599,9.98623,0.0277476,0.0843199,0.300574,0.108966,0.00298728,0.123343
6200,-9.97251,0.368158,9.99903,0.0362772,0.0647401,0.230341,0.0846418,0.0041953,0.13468
6200,-9.97007,0.372025,10.0035,0.0455027,0.0530701,0.190499,0.0720508,0.00562063,0.131476
6300,-9.89856,0.592535,10.2148,0.00677527,0.378757,1.72623,1.27402,0.00092881,0.254905
6300,-10.0353,0.683251,9.99049,0.0195225,0.199423,0.544202,0.325281,0.00206953,0.186855
6300,-10.0671,0.644667,9.93211,0.0291547,0.126545,0.293776,0.195969,0.00332049,0.173305
6300,-10.0588,0.627099,9.93901,0.0382291,0.0925853,0.199486,0.142042,0.00441927,0.15276
6300,-10.0482,0.615418,9.95138,0.0481996,0.0729916,0.155561,0.112193,0.00572255,0.134187
6400,-9.98401,0.619174,9.95454,0.00882334,0.269682,0.992826,0.873886,0.00106706,0.128547
6400,-9.96562,0.633301,10.0403,0.019482,0.121495,0.496757,0.203437,0.00206521,0.143436
6400,-9.97793,0.615217,10.0366,0.0311615,0.0815417,0.32222,0.122402,0.00344154,0.122886
6400,-9.98292,0.609318,10.0336,0.0401118,0.0629464,0.227948,0.0920256,0.00466423,0.115623
6400,-9.98723,0.599942,10.0279,0.0480607,0.0511528,0.17163,0.0748591,0.00604288,0.104542
6500,-9.97616,0.382278,9.88651,0.00890756,0.272568,0.948175,0.609945,0.00103901,0.165245
6500,-10.0672,0.339706,9.81802,0.0220953,0.103458,0.437385,0.149364,0.00224856,0.251635
6500,-10.0747,0.359014,9.83977,0.0321142,0.0648831,0.264263,0.0930623,0.0033921,0.22612
6500,-10.0746,0.376497,9.8544,0.040012,0.0507172,0.178152,0.0714065,0.00450573,0.204984
6500,-10.0689,0.391346,9.86889,0.0496234,0.0431552,0.135296,0.0623436,0.00611276,0.183696
6600,-9.94273,0.0550059,9.94644,0.00729363,0.259981,1.1083,0.658486,0.00097024,0.45185
6600,-9.94737,0.0311396,9.97136,0.0210254,0.129102,0.375364,0.202623,0.00226931,0.472673
6600,-9.95626,0.0817518,9.97626,0.0308427,0.094808,0.231434,0.140285,0.0035604,0.421198
6600,-9.96073,0.1352,9.9788,0.0400979,0.0755792,0.180836,0.111563,0.00495969,0.367519
6600,-9.96462,0.179827,9.98248,0.0489895,0.063428,0.152234,0.092279,0.00600602,0.322598
6700,-9.96638,-0.139941,9.87516,0.00934047,0.196701,1.23472,0.521908,0.00100047,0.65287
6700,-10.0265,0.387331,9.94214,0.0229528,0.0910048,0.6266,0.128746,0.00231445,0.129399
6700,-10.0451,0.550338,9.95653,0.034269,0.0605671,0.370107,0.0816921,0.00378871,0.0803758
6700,-10.0457,0.595988,9.9631,0.0435275,0.0476253,0.249835,0.0631998,0.00531903,0.112529
6700,-10.0448,0.607847,9.96715,0.0507397,0.0407722,0.184048,0.0550117,0.00650262,0.121315
6800,-10.1353,0.558111,9.7046,0.00696723,0.234298,1.11436,0.775918,0.000952913,0.330047
6800,-10.0969,0.569373,9.86652,0.020984,0.0998766,0.458379,0.192554,0.00216876,0.178953
6800,-10.0619,0.512535,9.90728,0.0316859,0.0649364,0.298053,0.116632,0.00345185,0.112165
6800,-10.0446,0.485276,9.93273,0.0410967,0.0497578,0.214367,0.0851087,0.00483376,0.0820709
6800,-10.0336,0.476477,9.94844,0.0492113,0.0396897,0.165592,0.0678622,0.0063009,0.0658807
6900,-9.98814,0.429935,9.91621,0.00886245,0.25917,0.92013,0.749254,0.000989482,0.109865
6900,-9.99057,0.506295,9.98829,0.0208918,0.14946,0.40759,0.27807,0.00211935,0.0163048
6900,-9.99248,0.517362,9.99932,0.0307086,0.0998338,0.265166,0.179268,0.00331337,0.0189344
6900,-9.9931,0.521427,10.0054,0.0401592,0.0741546,0.203366,0.129702,0.00473293,0.0231562
6900,-9.99625,0.517272,10.0057,0.0479329,0.0598773,0.161511,0.101802,0.00601475,0.0185717
7000,-9.89534,0.423043,10.0837,0.0104438,0.205026,0.983607,0.620792,0.00112776,0.15456
7000,-9.8441,0.460166,10.1867,0.0202745,0.0920218,0.437224,0.166459,0.00225091,0.246492
7000,-9.85757,0.466487,10.1721,0.0317162,0.0630076,0.315435,0.107367,0.00345819,0.225898
7000,-9.87533,0.4724,10.1505,0.0415765,0.0500233,0.248783,0.0837807,0.0048495,0.197355
7000,-9.89139,0.481321,10.1311,0.0501299,0.0426794,0.205808,0.0708834,0.00625829,0.171254
7100,-9.71301,0.767528,10.4597,0.00764837,0.233118,1.14646,0.870598,0.000945732,0.604388
7100,-9.81681,0.7479,10.2784,0.0201811,0.0957258,0.457666,0.152029,0.00199482,0.415367
7100,-9.8737,0.623336,10.1844,0.0292482,0.0648739,0.315742,0.101135,0.00306751,0.255277
7100,-9.90702,0.553554,10.1334,0.0378007,0.0488522,0.231733,0.0770382,0.00420621,0.171218
7100,-9.92382,0.516554,10.1021,0.0466102,0.0422918,0.179971,0.0641853,0.00573771,0.128427
7200,-10.007,-0.0242085,9.73426,0.0068958,0.358668,0.977545,1.15095,0.00090116,0.587761
7200,-9.95137,0.347619,9.98088,0.0200924,0.15657,0.471434,0.269186,0.00214086,0.161092
7200,-9.97456,0.472693,9.99254,0.0299951,0.100351,0.329691,0.150846,0.00336786,0.0380574
7200,-9.99528,0.528492,9.9863,0.0410831,0.0750061,0.25553,0.108078,0.00474708,0.0319636
7200,-10.0088,0.554941,9.979,0.0496977,0.0607126,0.210357,0.0865246,0.00599343,0.0594691
7300,-9.74913,0.63392,10.3366,0.00788184,0.221317,1.07375,0.606226,0.00094883,0.440646
7300,-9.80155,0.583266,10.2389,0.019811,0.0957074,0.349077,0.140128,0.00204212,0.321581
7300,-9.84219,0.573957,10.1949,0.0299651,0.0678107,0.207445,0.0938725,0.00328431,0.261439
7300,-9.86986,0.56598,10.1667,0.0393604,0.0552242,0.151922,0.0757784,0.00448776,0.22157
7300,-9.88878,0.558834,10.1431,0.0475604,0.0476848,0.123922,0.0661193,0.00596587,0.190539
7400,-10.0822,0.286188,9.78178,0.00758482,0.235171,0.784053,0.811378,0.000959597,0.316366
7400,-9.96394,0.287625,9.99567,0.0188306,0.104468,0.326144,0.196888,0.00201066,0.215458
7400,-9.94542,0.340823,10.0327,0.0280767,0.0712007,0.222549,0.126603,0.0030573,0.171427
7400,-9.94259,0.380782,10.0435,0.0372774,0.0570077,0.170489,0.0974209,0.00417347,0.139285
7400,-9.94725,0.406002,10.0442,0.0465534,0.0484106,0.142702,0.0806404,0.00560077,0.116498
7500,-9.93423,0.522721,9.99558,0.00620104,0.315878,1.36352,0.988538,0.000827971,0.0697209
7500,-9.99436,0.34928,9.95341,0.0195738,0.159822,0.507581,0.266917,0.00205808,0.157858
7500,-10.0275,0.378038,9.91824,0.0308189,0.103308,0.312448,0.160695,0.00336646,0.149385
7500,-10.0403,0.409349,9.91101,0.0399055,0.0746751,0.220339,0.116581,0.00457867,0.133279
7500,-10.0466,0.430735,9.91148,0.0485906,0.0613602,0.169817,0.0933299,0.00583619,0.121672
7600,-9.9704,0.699628,10.0897,0.00757966,0.233205,1.44404,0.636598,0.00105042,0.220847
7600,-10.0121,0.638786,10.0265,0.0210545,0.11356,0.549222,0.201473,0.00219848,0.141808
7600,-10.0043,0.588823,10.0232,0.0309215,0.0711028,0.292014,0.116467,0.00346262,0.0918913
7600,-9.99527,0.557205,10.0225,0.0401347,0.0530217,0.201566,0.0831875,0.00481022,0.0616658
7600,-9.99063,0.540008,10.0219,0.0493458,0.0436387,0.156664,0.0684565,0.00624665,0.0465405
7700,-9.87322,0.379928,10.1388,0.00804711,0.330897,0.843968,0.998035,0.000936242,0.223046
7700,-9.97058,0.463367,10.0206,0.0178965,0.164655,0.317544,0.313648,0.00190094,0.0512859
7700,-9.981,0.491295,10.0168,0.027344,0.109315,0.213067,0.19,0.00290532,0.0268309
7700,-9.98479,0.500851,10.0148,0.0373429,0.081663,0.16394,0.135484,0.00422162,0.0212349
7700,-9.98571,0.50906,10.0144,0.044878,0.0642647,0.13759,0.10208,0.00547861,0.0221939
7800,-10.2617,0.607113,9.52142,0.00904595,0.25802,1.20057,0.584252,0.00104579,0.555862
7800,-10.2412,0.587429,9.6782,0.0199135,0.120828,0.532699,0.187631,0.00203304,0.411535
7800,-10.1984,0.572955,9.73537,0.0287023,0.0799458,0.34477,0.126631,0.00316601,0.338696
7800,-10.1626,0.547525,9.77958,0.0375277,0.0610743,0.249113,0.0962178,0.00446123,0.278023
7800,-10.1381,0.529422,9.81195,0.0458757,0.0502132,0.193968,0.0768085,0.00584489,0.235156
7900,-10.1056,0.248274,9.66859,0.00667961,0.228247,0.929291,0.587867,0.000913371,0.429362
7900,-10.1063,0.370787,9.80317,0.0198478,0.139451,0.398881,0.244474,0.00204219,0.258328
7900,-10.088,0.408937,9.85053,0.0304126,0.102465,0.279855,0.177368,0.00327171,0.195914
7900,-10.0714,0.435385,9.88371,0.0377629,0.0809056,0.22132,0.138049,0.00430472,0.15099
7900,-10.0618,0.453268,9.90252,0.0452829,0.0662603,0.183033,0.112196,0.00553125,0.124498
8000,-10.1148,0.152917,9.54985,0.00740382,0.385579,1.69198,1.39738,0.000919611,0.57989
8000,-10.0716,0.618119,9.89396,0.0200265,0.168413,0.791293,0.318039,0.00207821,0.174134
8000,-10.0458,0.693168,9.9566,0.0293681,0.0993497,0.503485,0.173519,0.00316297,0.203223
8000,-10.0346,0.692736,9.97913,0.0388196,0.0723921,0.353431,0.117912,0.00433531,0.19692
8000,-10.0301,0.669929,9.98633,0.0480802,0.057987,0.269928,0.0937675,0.00578636,0.173122
8100,-9.82475,0.345913,10.1204,0.0091934,0.28976,1.20382,0.825794,0.0010353,0.262591
8100,-9.88475,0.315968,10.061,0.021836,0.167321,0.709108,0.308575,0.00215112,0.225556
8100,-9.9182,0.352716,10.0435,0.0310827,0.121634,0.412558,0.203767,0.0033714,0.174
8100,-9.93558,0.375826,10.0355,0.0403495,0.0961876,0.254449,0.151753,0.00468083,0.144328
8100,-9.94446,0.389386,10.0337,0.049643,0.0773837,0.175362,0.118809,0.00591789,0.128275
8200,-9.8654,0.546201,10.2283,0.00701304,0.26718,0.948776,0.759289,0.000932176,0.26901
8200,-9.95266,0.614526,10.0728,0.0196977,0.142359,0.47049,0.228343,0.00202371,0.143729
8200,-9.96105,0.604458,10.0589,0.0303745,0.0992794,0.323805,0.143305,0.00325713,0.126064
8200,-9.96329,0.581685,10.0522,0.0393346,0.0753632,0.252628,0.103907,0.00477875,0.103636
8200,-9.96718,0.564014,10.0446,0.0478816,0.0625529,0.210188,0.0848816,0.006109,0.0846364
8300,-9.83286,0.598078,10.2304,0.00804237,0.181318,0.701415,0.506053,0.000981609,0.301098
8300,-9.90747,0.575417,10.1113,0.0211455,0.0843847,0.28664,0.152474,0.00218865,0.163238
8300,-9.93648,0.543547,10.0719,0.0319563,0.0633765,0.190682,0.109103,0.00344751,0.105359
8300,-9.95418,0.532605,10.0532,0.0409472,0.0521474,0.14275,0.0868304,0.00477885,0.0773886
8300,-9.96613,0.525802,10.0446,0.0493577,0.0448323,0.117316,0.0735614,0.00619159,0.0616857
8400,-9.87232,0.538559,10.0689,0.00926424,0.24221,1.03453,0.671513,0.00105756,0.150143
8400,-9.9883,0.442809,9.95723,0.0206207,0.0957755,0.397079,0.156492,0.00223059,0.0723671
8400,-9.99363,0.442088,9.97538,0.0317596,0.0656949,0.257411,0.106244,0.00352771,0.0632506
8400,-9.99369,0.447295,9.98686,0.0402642,0.0526838,0.194004,0.0848027,0.00473819,0.0546837
8400,-9.99198,0.453523,9.99368,0.0490491,0.0453985,0.154805,0.0721202,0.00593102,0.0475864
8500,-9.84808,0.110757,10.0708,0.00700486,0.219478,1.14695,0.632317,0.000922901,0.423788
8500,-9.90369,0.230825,10.0429,0.0182519,0.106932,0.461934,0.181888,0.00190518,0.289088
8500,-9.92611,0.31816,10.0408,0.0276309,0.0714692,0.26945,0.116032,0.00302134,0.200484
8500,-9.93903,0.382105,10.0399,0.0374567,0.0533346,0.191457,0.0829507,0.0042847,0.138594
8500,-9.94759,0.423746,10.0365,0.0466855,0.0440946,0.150984,0.0663112,0.0055519,0.0994644
8600,-10.0212,0.456807,9.88868,0.00790844,0.244672,1.03982,0.631517,0.00097709,0.121284
8600,-10.038,0.389218,9.90304,0.0194234,0.0956455,0.367666,0.142924,0.00200746,0.152054
8600,-10.0347,0.38943,9.91748,0.0296638,0.0609352,0.228265,0.086042,0.00327034,0.142264
8600,-10.0309,0.401257,9.92878,0.0386134,0.047983,0.167557,0.0683372,0.00445368,0.125597
8600,-10.0276,0.415584,9.93707,0.0466058,0.0413719,0.13453,0.0572027,0.00573729,0.108853
8700,-9.9743,0.922319,10.0339,0.0086391,0.223728,1.10655,0.622731,0.00101566,0.42446
8700,-10.0115,0.986993,10.0299,0.0208705,0.0944271,0.364558,0.151759,0.00219161,0.488044
8700,-10.0267,0.93922,10.0173,0.0308318,0.0626775,0.219258,0.0988696,0.00329798,0.440372
8700,-10.0346,0.890856,10.0098,0.0401336,0.0491111,0.166148,0.0775073,0.00452417,0.39251
8700,-10.0342,0.853011,10.0058,0.0491879,0.0427802,0.134476,0.0652431,0.00601024,0.354712
8800,-9.89879,0.360185,10.0998,0.006434,0.294705,1.29075,0.90499,0.000890978,0.199381
8800,-9.9366,0.352367,10.0436,0.0189202,0.141008,0.617676,0.240816,0.00205262,0.166469
8800,-9.94862,0.345882,10.0314,0.0303403,0.0982326,0.397811,0.15836,0.00321969,0.165453
8800,-9.95524,0.350228,10.0242,0.0403686,0.0748871,0.282058,0.117444,0.00471692,0.158177
8800,-9.96063,0.363724,10.0208,0.0496644,0.0609872,0.216616,0.0956936,0.00593948,0.143366
8900,-10.0049,0.362807,9.87413,0.00790999,0.213943,0.904605,0.583553,0.00099705,0.18625
8900,-9.96685,0.388346,9.98662,0.0206163,0.0961752,0.476078,0.167065,0.00209971,0.117237
8900,-9.96702,0.405012,10.0033,0.0301729,0.063659,0.310711,0.102707,0.00329996,0.100603
8900,-9.96815,0.41401,10.0112,0.0391723,0.0504707,0.225808,0.0771688,0.00450375,0.0923842
8900,-9.97028,0.418006,10.0113,0.0483286,0.0430808,0.172506,0.0638035,0.00574191,0.0879413
9000,-9.80059,0.693009,10.3224,0.00776381,0.354591,1.26002,1.04842,0.000963735,0.42538
9000,-9.90164,0.596335,10.1231,0.0196368,0.188173,0.505444,0.304249,0.00207602,0.184688
9000,-9.92968,0.542368,10.0744,0.0293793,0.132331,0.316545,0.203691,0.00326746,0.110772
9000,-9.94123,0.509492,10.0585,0.0365405,0.0975973,0.21957,0.150555,0.00425319,0.0835012
9000,-9.94966,0.490528,10.0511,0.0451697,0.0759123,0.16804,0.117268,0.00543542,0.0723841
9100,-9.88869,0.384301,10.0878,0.00813492,0.254059,1.47759,0.953709,0.00100895,0.182979
9100,-9.92021,0.403857,10.0741,0.019962,0.0706694,0.501946,0.122699,0.00203559,0.145258
9100,-9.93703,0.401485,10.053,0.0292019,0.0481805,0.273271,0.0767674,0.0031896,0.128352
9100,-9.94829,0.400409,10.0416,0.0380114,0.0398966,0.185139,0.0618273,0.0044331,0.119695
9100,-9.95416,0.403689,10.0357,0.0467291,0.0355043,0.143243,0.0531504,0.00581398,0.112473
9200,-9.91855,0.380807,9.93679,0.00701695,0.325465,0.943346,0.997573,0.000907923,0.157594
9200,-9.93777,0.316526,9.99659,0.0204668,0.133243,0.244337,0.229861,0.00210351,0.193771
9200,-9.92891,0.337444,10.0328,0.0310825,0.0874551,0.157914,0.14001,0.00333161,0.180418
9200,-9.93023,0.353828,10.0423,0.0397894,0.0658345,0.127914,0.101299,0.00462946,0.167413
9200,-9.93805,0.370193,10.0431,0.0475816,0.0541217,0.110418,0.0806119,0.00579373,0.150141
9300,-9.91875,0.375068,10.0618,0.00857328,0.288797,1.03736,0.866161,0.000988895,0.161341
9300,-10.0132,0.45384,9.96141,0.021771,0.100627,0.428149,0.171418,0.00221034,0.0615947
9300,-10.023,0.498838,9.96665,0.0316358,0.0626913,0.257885,0.0946302,0.00344994,0.0405075
9300,-10.0276,0.517477,9.96736,0.0403874,0.0482171,0.185136,0.071496,0.00473245,0.0461918
9300,-10.0279,0.525338,9.96768,0.0488753,0.0416404,0.144546,0.0602359,0.00619888,0.0496268
9400,-10.0732,0.483751,9.80189,0.00929193,0.247187,1.84083,0.716397,0.00109918,0.211825
9400,-10.0662,0.395426,9.88172,0.0228508,0.125765,0.829293,0.192755,0.00230959,0.1712
9400,-10.0428,0.399212,9.91957,0.0320574,0.0861011,0.525957,0.119069,0.0035348,0.135871
9400,-10.027,0.40218,9.94233,0.039136,0.0664443,0.368092,0.090971,0.0046421,0.116708
9400,-10.019,0.406357,9.95571,0.0472993,0.0550218,0.273821,0.0760381,0.00577124,0.10532
9500,-10.0048,0.384649,9.92038,0.00810072,0.257781,1.0792,0.731736,0.00101092,0.14024
9500,-10.0775,0.422198,9.86757,0.0201009,0.106887,0.361866,0.171334,0.00210523,0.172042
9500,-10.0649,0.443932,9.88986,0.0305335,0.074054,0.232956,0.120139,0.00335877,0.13958
9500,-10.052,0.462708,9.91528,0.0393352,0.0578056,0.17483,0.0950064,0.0045842,0.106151
9500,-10.0417,0.481202,9.93046,0.0477745,0.0492937,0.141226,0.0803215,0.00572735,0.0832535
9600,-9.94527,0.672369,10.0808,0.00849484,0.262901,1.05988,0.708105,0.00102506,0.19809
9600,-10.0233,0.581555,9.95856,0.0214244,0.130537,0.434007,0.234178,0.002232,0.0944045
9600,-10.0274,0.522093,9.94814,0.0328612,0.0951987,0.275002,0.16088,0.0035921,0.0626787
9600,-10.029,0.488315,9.94351,0.0409535,0.0761935,0.205272,0.124865,0.00482565,0.0645627
9600,-10.0295,0.472609,9.94464,0.050182,0.0645852,0.166619,0.104362,0.00624029,0.0684485
9700,-9.93678,0.271205,10.0338,0.00838558,0.252986,0.819838,0.885224,0.00100099,0.239761
9700,-10.0084,0.292969,9.94476,0.0186626,0.123297,0.384385,0.245135,0.00203234,0.214438
9700,-10.0162,0.328212,9.94041,0.0295676,0.0827676,0.259712,0.155211,0.00323829,0.182553
9700,-10.0166,0.349116,9.94538,0.0384738,0.0643884,0.199316,0.11783,0.00451507,0.161318
9700,-10.016,0.366159,9.94905,0.0481894,0.0536699,0.161554,0.0948527,0.00582998,0.144105
9800,-9.82399,0.255814,10.2284,0.0091074,0.206866,0.936983,0.52508,0.00109344,0.377826
9800,-9.87484,0.300846,10.121,0.0203064,0.0970898,0.393312,0.162344,0.00206379,0.264526
9800,-9.89473,0.310516,10.0927,0.0297749,0.068589,0.275434,0.114102,0.00322393,0.235762
9800,-9.91058,0.327125,10.0761,0.0392383,0.0545437,0.212752,0.0912118,0.00452652,0.208996
9800,-9.92139,0.338569,10.0657,0.0486834,0.0457963,0.172132,0.0745514,0.00604298,0.191182
9900,-9.95668,0.0449041,9.88439,0.00841738,0.324615,1.25821,0.941457,0.000957633,0.471545
9900,-9.97415,0.168395,9.95441,0.0200683,0.113832,0.470176,0.19618,0.00206562,0.33572
9900,-9.98551,0.329618,9.97658,0.0300629,0.0635255,0.272029,0.107479,0.00332865,0.172593
9900,-9.99113,0.419316,9.9883,0.0404328,0.0464695,0.184775,0.0787542,0.00471253,0.0820092
9900,-9.99052,0.466365,9.99631,0.0487472,0.0390395,0.137215,0.0636956,0.00596853,0.0351384
